Source URL (301 FROM),Destination URL (301 TO),Cluster
https://www.samanportable.com/second-hand-portacabin-offices-for-sale,https://www.samanportable.com/2nd-hand-porta-cabins,C1 Porta Cabin
https://www.samanportable.com/best-porta-cabin-solutions-10-top-designs,https://www.samanportable.com/best-porta-cabin-manufacturer-ncr,C1 Porta Cabin
https://www.samanportable.com/best-porta-cabin-supplier,https://www.samanportable.com/best-porta-cabin-manufacturer-ncr,C1 Porta Cabin
https://www.samanportable.com/best-porta-cabins-india-solutions,https://www.samanportable.com/best-porta-cabin-manufacturer-ncr,C1 Porta Cabin
https://www.samanportable.com/customized-porta-cabins,https://www.samanportable.com/durable-porta-cabins,C1 Porta Cabin
https://www.samanportable.com/rapid-construction-porta-cabins-ncr,https://www.samanportable.com/durable-porta-cabins,C1 Porta Cabin
https://www.samanportable.com/top-quality-ms-porta-cabin,https://www.samanportable.com/durable-porta-cabins,C1 Porta Cabin
https://www.samanportable.com/dimensions-of-portable-cabins,https://www.samanportable.com/porta-cabin-sizes-and-specifications-in-india,C1 Porta Cabin
https://www.samanportable.com/porta-cabin-size,https://www.samanportable.com/porta-cabin-sizes-and-specifications-in-india,C1 Porta Cabin
https://www.samanportable.com/portacabins-for-sale-in-frazer-town,https://www.samanportable.com/porta-cabins-in-frazer,C1 Porta Cabin
https://www.samanportable.com/porta-cabin-bangalore,https://www.samanportable.com/portacabins-for-sale-in-bangalore,C1 Porta Cabin
https://www.samanportable.com/best-porta-cabins-in-bangalore/,https://www.samanportable.com/portacabins-for-sale-in-bangalore,C1 Porta Cabin
https://www.samanportable.com/porta-cabin-manufacturer-in-bangalore,https://www.samanportable.com/portacabins-for-sale-in-bangalore,C1 Porta Cabin
https://www.samanportable.com/affordable-portable-structures,https://www.samanportable.com/low-cost-modular-office-solutions,C11 Prefab Building
https://www.samanportable.com/affordable-prefab-office-buildings,https://www.samanportable.com/low-cost-modular-office-solutions,C11 Prefab Building
https://www.samanportable.com/affordable-prefab-homes,https://www.samanportable.com/top-quality-prefab-cabins-delhi,C12 Prefab House
https://www.samanportable.com/affordable-small-prefab-cabins,https://www.samanportable.com/top-quality-prefab-cabins-delhi,C12 Prefab House
https://www.samanportable.com/affordable-portable-cabins-for-rent,https://www.samanportable.com/cheap-portable-cabins,C2 Portable Cabin
https://www.samanportable.com/cheap-portable-cabins-for-sale,https://www.samanportable.com/cheap-portable-cabins,C2 Portable Cabin
https://www.samanportable.com/best-materials-for-portable-cabins,https://www.samanportable.com/top-rated-portable-cabin-supplier-delhi,C2 Portable Cabin
https://www.samanportable.com/cost-effective-office-cabin-rentals,https://www.samanportable.com/discount-mobile-office-units,C3 Portable Office
https://www.samanportable.com/cost-effective-temporary-office-cabins,https://www.samanportable.com/discount-mobile-office-units,C3 Portable Office
https://www.samanportable.com/cheap-container-office,https://www.samanportable.com/affordable-office-containers-for-sale,C4 Container Office
https://www.samanportable.com/reliable-office-container-manufacturers,https://www.samanportable.com/best-container-office-solutions,C4 Container Office
https://www.samanportable.com/best-deals-on-refurbished-office-containers,https://www.samanportable.com/second-hand-container-office,C4 Container Office
https://www.samanportable.com/second-hand-office-container-for-sale,https://www.samanportable.com/second-hand-container-office,C4 Container Office
https://www.samanportable.com/second-hand-container-for-sale,https://www.samanportable.com/2nd-hand-containers,C7 Container House
