#,Source URL (301 FROM = delete this),Destination URL (301 TO = keep this),Shared Keyword,Cluster,Notes
1,https://www.samanportable.com/portacabins-for-sale-in-hosur,https://www.samanportable.com/affordable-porta-cabins-in-hosur,porta cabin in hosur,C1 Porta Cabin,
2,https://www.samanportable.com/affordable-prefabricated-homes-delhi,https://www.samanportable.com/top-quality-prefab-cabins-delhi,prefab house in delhi,C12 Prefab House,
3,https://www.samanportable.com/container-cafes-in-central-delhi-2,https://www.samanportable.com/container-cafes-in-central-delhi,container cafe in central delhi,C5 Container Cafe,
4,https://www.samanportable.com/container-offices-for-sale-in-btm-layout-2,https://www.samanportable.com/container-offices-for-sale-in-btm-layout,container office in btm layout,C4 Container Office,
5,https://www.samanportable.com/container-offices-for-sale-in-rt-nagar-2,https://www.samanportable.com/container-offices-for-sale-in-rt-nagar,container office in rt nagar,C4 Container Office,
6,https://www.samanportable.com/container-offices-in-gurgaon-2,https://www.samanportable.com/container-offices-in-gurgaon,container office in gurgaon,C4 Container Office,
7,https://www.samanportable.com/warehouse-manufacturer-in-bangalore,https://www.samanportable.com/industrial-sheds-in-bangalore,industrial shed in bangalore,C8 Industrial Shed,
8,https://www.samanportable.com/low-cost-porta-cabins,https://www.samanportable.com/porta-cabin-price-a-complete-guide-2025,porta cabin cost,C1 Porta Cabin,
9,https://www.samanportable.com/office-cabin-rentals-in-delhi,https://www.samanportable.com/portable-office-cabins-in-delhi-ncr,portable office in delhi,C3 Portable Office,
10,https://www.samanportable.com/prefabricated-porta-cabin-in-delhi-ncr,https://www.samanportable.com/porta-cabins-in-delhi-ncr,porta cabin in delhi,C1 Porta Cabin,
11,https://www.samanportable.com/porta-cabin-in-delhi-ncr,https://www.samanportable.com/porta-cabins-in-delhi-ncr,porta cabin in delhi,C1 Porta Cabin,
12,https://www.samanportable.com/trusted-porta-cabin-dealer-in-delhi-ncr,https://www.samanportable.com/porta-cabins-in-delhi-ncr,porta cabin in delhi,C1 Porta Cabin,
13,https://www.samanportable.com/porta-cabin-price-in-delhi,https://www.samanportable.com/porta-cabins-in-delhi-ncr,porta cabin in delhi,C1 Porta Cabin,
14,https://www.samanportable.com/porta-cabin-manufacturer-in-delhi,https://www.samanportable.com/porta-cabins-in-delhi-ncr,porta cabin in delhi,C1 Porta Cabin,
15,https://www.samanportable.com/porta-cabin-manufacturer-in-delhi-ncr,https://www.samanportable.com/porta-cabins-in-delhi-ncr,porta cabin in delhi,C1 Porta Cabin,
16,https://www.samanportable.com/porta-cabin-manufacturer-in-bangalore,https://www.samanportable.com/portacabins-for-sale-in-bangalore,porta cabin in bangalore,C1 Porta Cabin,
17,https://www.samanportable.com/porta-cabin-size,https://www.samanportable.com/porta-cabin-sizes-and-specifications-in-india,porta cabin sizes,C1 Porta Cabin,
18,https://www.samanportable.com/portacabins-for-sale-in-anekal,https://www.samanportable.com/porta-cabins-in-anekal,porta cabin in anekal,C1 Porta Cabin,
19,https://www.samanportable.com/portacabins-for-sale-in-banashankari,https://www.samanportable.com/porta-cabins-in-banashankari,porta cabin in banashankari,C1 Porta Cabin,
20,https://www.samanportable.com/porta-cabins-in-bannerghatta-road,https://www.samanportable.com/portacabins-for-sale-in-bannerghatta-road,porta cabin in bannerghatta,C1 Porta Cabin,
21,https://www.samanportable.com/portacabins-for-sale-in-bellandur,https://www.samanportable.com/porta-cabins-in-bellandur,porta cabin in bellandur,C1 Porta Cabin,
22,https://www.samanportable.com/portacabins-for-sale-in-btm-layout,https://www.samanportable.com/porta-cabins-in-btm-layout,porta cabin in btm layout,C1 Porta Cabin,
23,https://www.samanportable.com/portacabins-for-sale-in-domlur,https://www.samanportable.com/porta-cabins-in-domlur,porta cabin in domlur,C1 Porta Cabin,
24,https://www.samanportable.com/portacabins-for-sale-in-electronic-city,https://www.samanportable.com/porta-cabins-in-electronic-city,porta cabin in electronic city,C1 Porta Cabin,
25,https://www.samanportable.com/portacabins-for-sale-in-hebbal,https://www.samanportable.com/porta-cabins-in-hebbal,porta cabin in hebbal,C1 Porta Cabin,
26,https://www.samanportable.com/portacabins-for-sale-in-hebbal-2,https://www.samanportable.com/porta-cabins-in-hebbal,porta cabin in hebbal,C1 Porta Cabin,
27,https://www.samanportable.com/portacabins-for-sale-in-hsr-layout,https://www.samanportable.com/porta-cabins-in-hsr-layout,porta cabin in hsr layout,C1 Porta Cabin,
28,https://www.samanportable.com/portacabins-for-sale-in-jayanagar,https://www.samanportable.com/porta-cabins-in-jayanagar,porta cabin in jayanagar,C1 Porta Cabin,
29,https://www.samanportable.com/portacabins-for-sale-in-jigani,https://www.samanportable.com/porta-cabins-in-jigani,porta cabin in jigani,C1 Porta Cabin,
30,https://www.samanportable.com/portacabins-for-sale-in-jp-nagar,https://www.samanportable.com/porta-cabins-in-jp-nagar,porta cabin in jp nagar,C1 Porta Cabin,
31,https://www.samanportable.com/portacabins-for-sale-in-kengeri,https://www.samanportable.com/porta-cabins-in-kengeri,porta cabin in kengeri,C1 Porta Cabin,
32,https://www.samanportable.com/portacabins-for-sale-in-koramangala,https://www.samanportable.com/porta-cabins-in-koramangala,porta cabin in koramangala,C1 Porta Cabin,
33,https://www.samanportable.com/portacabins-for-sale-in-malleshwaram,https://www.samanportable.com/porta-cabins-in-malleshwaram,porta cabin in malleshwaram,C1 Porta Cabin,
34,https://www.samanportable.com/portacabins-for-sale-in-marathahalli,https://www.samanportable.com/porta-cabins-in-marathahalli,porta cabin in marathahalli,C1 Porta Cabin,
35,https://www.samanportable.com/portacabins-for-sale-in-nagarbhavi,https://www.samanportable.com/porta-cabins-in-nagarbhavi,porta cabin in nagarbhavi,C1 Porta Cabin,
36,https://www.samanportable.com/portacabins-for-sale-in-peenya,https://www.samanportable.com/porta-cabins-in-peenya-f,porta cabin in peenya,C1 Porta Cabin,
37,https://www.samanportable.com/portacabins-for-sale-in-rajajinagar,https://www.samanportable.com/porta-cabins-in-rajajinagar,porta cabin in rajajinagar,C1 Porta Cabin,
38,https://www.samanportable.com/portacabins-for-sale-in-rt-nagar,https://www.samanportable.com/porta-cabins-in-rt-nagar,porta cabin in rt nagar,C1 Porta Cabin,
39,https://www.samanportable.com/portacabins-for-sale-in-sarjapur-road,https://www.samanportable.com/porta-cabins-in-sarjapur-road,porta cabin in sarjapur,C1 Porta Cabin,
40,https://www.samanportable.com/portacabins-for-sale-in-ulsoor,https://www.samanportable.com/porta-cabins-in-ulsoor,porta cabin in ulsoor,C1 Porta Cabin,
41,https://www.samanportable.com/portacabins-for-sale-in-vijayanagar,https://www.samanportable.com/porta-cabins-in-vijayanagar,porta cabin in vijayanagar,C1 Porta Cabin,
42,https://www.samanportable.com/porta-cabins-in-whitefield,https://www.samanportable.com/portacabins-for-sale-in-whitefield,porta cabin in whitefield,C1 Porta Cabin,
43,https://www.samanportable.com/portacabins-for-sale-in-yelahanka,https://www.samanportable.com/porta-cabins-in-yelahanka,porta cabin in yelahanka,C1 Porta Cabin,
44,https://www.samanportable.com/portable-cabin-suppliers-in-bangalore,https://www.samanportable.com/portable-cabin-price-in-bangalore,portable cabin in bangalore,C2 Portable Cabin,
45,https://www.samanportable.com/portable-cabins-for-sale-in-bangalore-option,https://www.samanportable.com/portable-cabin-price-in-bangalore,portable cabin in bangalore,C2 Portable Cabin,
46,https://www.samanportable.com/portable-cabin-solutions-in-hennur,https://www.samanportable.com/portable-cabins-in-hennur,portable cabin in hennur,C2 Portable Cabin,
47,https://www.samanportable.com/trusted-porta-cabins-in-shivajinagar,https://www.samanportable.com/portacabins-for-sale-in-shivajinagar,porta cabin in shivajinagar,C1 Porta Cabin,
